{
	"partitions" : [
		{
			"name" : "Top",
			"pins" : [
				{
					"name" : "A[0]",
					"strict" : false
				},
				{
					"name" : "A[1]",
					"strict" : false
				},
				{
					"name" : "A[2]",
					"strict" : false
				},
				{
					"name" : "A[3]",
					"strict" : false
				},
				{
					"name" : "A[4]",
					"strict" : false
				},
				{
					"name" : "A[5]",
					"strict" : false
				},
				{
					"name" : "A[6]",
					"strict" : false
				},
				{
					"name" : "A[7]",
					"strict" : false
				},
				{
					"name" : "A[8]",
					"strict" : false
				},
				{
					"name" : "A[9]",
					"strict" : false
				},
				{
					"name" : "A[10]",
					"strict" : false
				},
				{
					"name" : "A[11]",
					"strict" : false
				},
				{
					"name" : "A[12]",
					"strict" : false
				},
				{
					"name" : "A[13]",
					"strict" : false
				},
				{
					"name" : "A[14]",
					"strict" : false
				},
				{
					"name" : "A[15]",
					"strict" : false
				},
				{
					"name" : "C",
					"strict" : false
				},
				{
					"name" : "Z",
					"strict" : false
				},
				{
					"name" : "I0[0]",
					"strict" : false
				},
				{
					"name" : "I1[0]",
					"strict" : false
				},
				{
					"name" : "S0",
					"strict" : false
				},
				{
					"name" : "S1",
					"strict" : false
				},
				{
					"name" : "I0[1]",
					"strict" : false
				},
				{
					"name" : "I1[1]",
					"strict" : false
				},
				{
					"name" : "I0[2]",
					"strict" : false
				},
				{
					"name" : "I1[2]",
					"strict" : false
				},
				{
					"name" : "I0[3]",
					"strict" : false
				},
				{
					"name" : "I1[3]",
					"strict" : false
				},
				{
					"name" : "I0[4]",
					"strict" : false
				},
				{
					"name" : "I1[4]",
					"strict" : false
				},
				{
					"name" : "I0[5]",
					"strict" : false
				},
				{
					"name" : "I1[5]",
					"strict" : false
				},
				{
					"name" : "I0[6]",
					"strict" : false
				},
				{
					"name" : "I1[6]",
					"strict" : false
				},
				{
					"name" : "I0[7]",
					"strict" : false
				},
				{
					"name" : "I1[7]",
					"strict" : false
				},
				{
					"name" : "I0[8]",
					"strict" : false
				},
				{
					"name" : "I1[8]",
					"strict" : false
				},
				{
					"name" : "I0[9]",
					"strict" : false
				},
				{
					"name" : "I1[9]",
					"strict" : false
				},
				{
					"name" : "I0[10]",
					"strict" : false
				},
				{
					"name" : "I1[10]",
					"strict" : false
				},
				{
					"name" : "I0[11]",
					"strict" : false
				},
				{
					"name" : "I1[11]",
					"strict" : false
				},
				{
					"name" : "I0[12]",
					"strict" : false
				},
				{
					"name" : "I1[12]",
					"strict" : false
				},
				{
					"name" : "I0[13]",
					"strict" : false
				},
				{
					"name" : "I1[13]",
					"strict" : false
				},
				{
					"name" : "I0[14]",
					"strict" : false
				},
				{
					"name" : "I1[14]",
					"strict" : false
				},
				{
					"name" : "I0[15]",
					"strict" : false
				},
				{
					"name" : "I1[15]",
					"strict" : false
				}
			]
		}
	]
}